[
  {
    "id": 12,
    "description": "Adatbázis létrehozása",
    "adminPage": false
  },
  {
    "id": 14,
    "description": "Hiányos kalóriaértékek száma",
    "adminPage": true
  },
  {
    "id": 15,
    "description": "A grammban árult termékek",
    "adminPage": true
  },
  {
    "id": 16,
    "description": "Az Eklerfánk árának módosítása",
    "adminPage": false
  },
  {
    "id": 17,
    "description": "A 3 legtöbbet előforduló allergén",
    "adminPage": true
  },
  {
    "id": 18,
    "description": "Allergént nem tartalmazó vegán termékek",
    "adminPage": true
  },
  {
    "id": 19,
    "description": "Paleo torták ára",
    "adminPage": true
  }
]
